Anchor Tags , Text
https://pec.ac.in//faculty-affairs,Faculty Affairs
https://pec.ac.in//faculty-affairs/jobs,Jobs
https://pec.ac.in//faculty-affairs/tenders,Tenders
https://pec.ac.in//faculty-affairs/node/549,RTI
https://pec.ac.in//faculty-affairs/tnp/about-cell,Placements
https://pec.ac.in//faculty-affairs/institute-functionaries,Contact Us
https://pec.ac.in//faculty-affairs/,
https://pec.ac.in//faculty-affairs/institute,Institute
https://pec.ac.in//faculty-affairs/history,History
https://pec.ac.in//faculty-affairs/vision,Vision & Mission
https://pec.ac.in//faculty-affairs/campus,Campus
https://pec.ac.in//faculty-affairs/location,Location
https://pec.ac.in//faculty-affairs/all_events,News and Events
https://pec.ac.in//faculty-affairs/balance-sheets,Balance Sheets
https://pec.ac.in//faculty-affairs/faculty-affairs,Faculty Affairs
https://pec.ac.in//faculty-affairs/institute/iqac-reports,IQAC Reports
https://pec.ac.in//faculty-affairs/administration,Administration
https://pec.ac.in//faculty-affairs/board-of-governors,Board Of Governors
https://pec.ac.in//faculty-affairs/chairman-bog,Chairman, Board of Governors
https://pec.ac.in//faculty-affairs/director,Director
https://pec.ac.in//faculty-affairs/senate-members,Senate Members
https://pec.ac.in//faculty-affairs/building-works-committee,Building & Works Committee
https://pec.ac.in//faculty-affairs/finance-committee,Finance Committee
https://pec.ac.in//faculty-affairs/grievance-redressal-committee,Grievance Redressal Committee
https://pec.ac.in//faculty-affairs/minutes-meetings,Minutes of Meetings
https://pec.ac.in//faculty-affairs/programmes,Programmes
https://pec.ac.in//faculty-affairs/programmes/ug/structure,Undergraduate
https://pec.ac.in//faculty-affairs/programmes/pg/structure,Postgraduate
https://pec.ac.in//faculty-affairs/programmes/phd,Doctorate
https://pec.ac.in//faculty-affairs/programmes/student-support,Academic Support for Students
https://pec.ac.in//faculty-affairs/programmes/accreditation,Accreditation
https://pec.ac.in//faculty-affairs/programmes/scholarships,Scholarships
https://pec.ac.in//faculty-affairs/iqac/aqar-reports,IQAC Reports
https://pec.ac.in//faculty-affairs/admissions,Admissions
https://pec.ac.in//faculty-affairs/academic-units,Academic Units
https://pec.ac.in//faculty-affairs/departments,Departments
https://pec.ac.in//faculty-affairs/centres,Centres
https://pec.ac.in//faculty-affairs/research/overview,Research
https://pec.ac.in//faculty-affairs/research-groups,Research Groups
https://pec.ac.in//faculty-affairs/sponsored-research,Sponsored Research
https://pec.ac.in//faculty-affairs/house-projects,In-House Projects
https://pec.ac.in//faculty-affairs/consultancy,Consultancy
https://pec.ac.in//faculty-affairs/courses-and-conferences,Courses and Conferences
https://pec.ac.in//faculty-affairs/yrf/about-programme,Young Research Fellows Programme
https://pec.ac.in//faculty-affairs/norms-and-forms,Norms and Forms
https://pec.ac.in//faculty-affairs/research/contacts,Contacts
https://pec.ac.in//faculty-affairs/campus-life,Campus Life
https://pec.ac.in//faculty-affairs/current-students,Students
https://pec.ac.in//faculty-affairs/facilities,Facilities
https://pec.ac.in//faculty-affairsjavascript:;,-A
https://pec.ac.in//faculty-affairs/top-stories,Top Stories
https://pec.ac.in//faculty-affairs/pec-anthem,PEC Anthem
https://pec.ac.in//faculty-affairs/rules-guidelines-forms,Rules, Guidelines & Forms
https://pec.ac.in//faculty-affairs/office-orders,Office Orders
http://pec.ac.in/sites/default/files/uploads/faculty_ee_18-19-revised.pdf,Electrical Engineering
http://pec.ac.in/sites/default/files/uploads/faculty_ee_18-19.pdf,Electronics and Communication Engineering
http://pec.ac.in/sites/default/files/uploads/faculty_pie_18-19.pdf,Production and Industrial Engineering
http://pec.ac.in/sites/default/files/uploads/guidelines_for_engaging_faculty_in_pec_updated.pdf,Guidelines for Engaging Faculty in PEC
http://pec.ac.in/sites/default/files/uploads/engagement_of_adjunct_faculty_at_pec_updated.pdf,Engagement of Adjunct Faculty at PEC
http://pec.ac.in/sites/default/files/uploads/faculty_alumni_staff_awards_updated.pdf,Faculty/Alumni/Staff Awards
https://pec.ac.in//faculty-affairs/coe/collaborations,Collaborations
https://pec.ac.in//faculty-affairs/current-students/time-tables,Time Tables
https://pec.ac.in//faculty-affairs/current-students/examination,Examination
https://pec.ac.in//faculty-affairs/academics/calendar,Academic Calendar
https://pec.ac.in//faculty-affairs/library,Library
https://pec.ac.in//faculty-affairs/computer-centre,Computer Centre
https://pec.ac.in//faculty-affairs/Sports,Sports
https://pec.ac.in//faculty-affairs/hostels,Hostels
https://pec.ac.in//faculty-affairs/medical-facilities,Medical Facility
https://pec.ac.in//faculty-affairs/workshops,Workshops
https://pec.ac.in//faculty-affairs/multimedia,Multimedia
https://pec.ac.in//faculty-affairs/prospectus,Brochure & Prospectus
https://pec.ac.in//faculty-affairs/institute/sexual-harassment-complaints-committee,Sexual Harassment Complaints
https://pec.ac.in//faculty-affairs/credits,Website Credits
https://pec.ac.in//faculty-affairs/web_editor,Web Editor
https://pec.ac.in//faculty-affairs/anti-ragging,Anti-Ragging
https://pec.ac.in//faculty-affairs/privacy-policy,Privacy Statement
https://pec.ac.in//faculty-affairs/reporting-copyright-infringement,Report Copyright Infringement
https://pec.ac.in//faculty-affairs/reporting-copyright-infringement/jobs,Jobs
https://pec.ac.in//faculty-affairs/reporting-copyright-infringement/tenders,Tenders
https://pec.ac.in//faculty-affairs/reporting-copyright-infringement/node/549,RTI
https://pec.ac.in//faculty-affairs/reporting-copyright-infringement/tnp/about-cell,Placements
https://pec.ac.in//faculty-affairs/reporting-copyright-infringement/institute-functionaries,Contact Us
https://pec.ac.in//faculty-affairs/reporting-copyright-infringement/,
https://pec.ac.in//faculty-affairs/reporting-copyright-infringement/institute,Institute
https://pec.ac.in//faculty-affairs/reporting-copyright-infringement/history,History
https://pec.ac.in//faculty-affairs/reporting-copyright-infringement/vision,Vision & Mission
https://pec.ac.in//faculty-affairs/reporting-copyright-infringement/campus,Campus
https://pec.ac.in//faculty-affairs/reporting-copyright-infringement/location,Location
https://pec.ac.in//faculty-affairs/reporting-copyright-infringement/all_events,News and Events
https://pec.ac.in//faculty-affairs/reporting-copyright-infringement/balance-sheets,Balance Sheets
https://pec.ac.in//faculty-affairs/reporting-copyright-infringement/faculty-affairs,Faculty Affairs
https://pec.ac.in//faculty-affairs/reporting-copyright-infringement/institute/iqac-reports,IQAC Reports
https://pec.ac.in//faculty-affairs/reporting-copyright-infringement/administration,Administration
https://pec.ac.in//faculty-affairs/reporting-copyright-infringement/board-of-governors,Board Of Governors
https://pec.ac.in//faculty-affairs/reporting-copyright-infringement/chairman-bog,Chairman, Board of Governors
https://pec.ac.in//faculty-affairs/reporting-copyright-infringement/director,Director
https://pec.ac.in//faculty-affairs/reporting-copyright-infringement/senate-members,Senate Members
https://pec.ac.in//faculty-affairs/reporting-copyright-infringement/building-works-committee,Building & Works Committee
https://pec.ac.in//faculty-affairs/reporting-copyright-infringement/finance-committee,Finance Committee
https://pec.ac.in//faculty-affairs/reporting-copyright-infringement/grievance-redressal-committee,Grievance Redressal Committee
https://pec.ac.in//faculty-affairs/reporting-copyright-infringement/minutes-meetings,Minutes of Meetings
https://pec.ac.in//faculty-affairs/reporting-copyright-infringement/programmes,Programmes
https://pec.ac.in//faculty-affairs/reporting-copyright-infringement/programmes/ug/structure,Undergraduate
https://pec.ac.in//faculty-affairs/reporting-copyright-infringement/programmes/pg/structure,Postgraduate
https://pec.ac.in//faculty-affairs/reporting-copyright-infringement/programmes/phd,Doctorate
https://pec.ac.in//faculty-affairs/reporting-copyright-infringement/programmes/student-support,Academic Support for Students
https://pec.ac.in//faculty-affairs/reporting-copyright-infringement/programmes/accreditation,Accreditation
https://pec.ac.in//faculty-affairs/reporting-copyright-infringement/programmes/scholarships,Scholarships
https://pec.ac.in//faculty-affairs/reporting-copyright-infringement/iqac/aqar-reports,IQAC Reports
https://pec.ac.in//faculty-affairs/reporting-copyright-infringement/admissions,Admissions
https://pec.ac.in//faculty-affairs/reporting-copyright-infringement/academic-units,Academic Units
https://pec.ac.in//faculty-affairs/reporting-copyright-infringement/departments,Departments
https://pec.ac.in//faculty-affairs/reporting-copyright-infringement/centres,Centres
https://pec.ac.in//faculty-affairs/reporting-copyright-infringement/research/overview,Research
https://pec.ac.in//faculty-affairs/reporting-copyright-infringement/research-groups,Research Groups
https://pec.ac.in//faculty-affairs/reporting-copyright-infringement/sponsored-research,Sponsored Research
https://pec.ac.in//faculty-affairs/reporting-copyright-infringement/house-projects,In-House Projects
https://pec.ac.in//faculty-affairs/reporting-copyright-infringement/consultancy,Consultancy
https://pec.ac.in//faculty-affairs/reporting-copyright-infringement/courses-and-conferences,Courses and Conferences
https://pec.ac.in//faculty-affairs/reporting-copyright-infringement/yrf/about-programme,Young Research Fellows Programme
https://pec.ac.in//faculty-affairs/reporting-copyright-infringement/norms-and-forms,Norms and Forms
https://pec.ac.in//faculty-affairs/reporting-copyright-infringement/research/contacts,Contacts
https://pec.ac.in//faculty-affairs/reporting-copyright-infringement/campus-life,Campus Life
https://pec.ac.in//faculty-affairs/reporting-copyright-infringement/current-students,Students
https://pec.ac.in//faculty-affairs/reporting-copyright-infringement/facilities,Facilities
https://pec.ac.in//faculty-affairs/reporting-copyright-infringementjavascript:;,-A
https://pec.ac.in//faculty-affairs/reporting-copyright-infringement/top-stories,Top Stories
https://pec.ac.in//faculty-affairs/reporting-copyright-infringement/pec-anthem,PEC Anthem
https://pec.ac.in//faculty-affairs/reporting-copyright-infringement/rules-guidelines-forms,Rules, Guidelines & Forms
https://pec.ac.in//faculty-affairs/reporting-copyright-infringement/office-orders,Office Orders
https://pec.ac.in//faculty-affairs/reporting-copyright-infringement/coe/collaborations,Collaborations
https://pec.ac.in//faculty-affairs/reporting-copyright-infringement/current-students/time-tables,Time Tables
https://pec.ac.in//faculty-affairs/reporting-copyright-infringement/current-students/examination,Examination
https://pec.ac.in//faculty-affairs/reporting-copyright-infringement/academics/calendar,Academic Calendar
https://pec.ac.in//faculty-affairs/reporting-copyright-infringement/library,Library
https://pec.ac.in//faculty-affairs/reporting-copyright-infringement/computer-centre,Computer Centre
https://pec.ac.in//faculty-affairs/reporting-copyright-infringement/Sports,Sports
https://pec.ac.in//faculty-affairs/reporting-copyright-infringement/hostels,Hostels
https://pec.ac.in//faculty-affairs/reporting-copyright-infringement/medical-facilities,Medical Facility
https://pec.ac.in//faculty-affairs/reporting-copyright-infringement/workshops,Workshops
https://pec.ac.in//faculty-affairs/reporting-copyright-infringement/multimedia,Multimedia
https://pec.ac.in//faculty-affairs/reporting-copyright-infringement/prospectus,Brochure & Prospectus
https://pec.ac.in//faculty-affairs/reporting-copyright-infringement/institute/sexual-harassment-complaints-committee,Sexual Harassment Complaints
https://pec.ac.in//faculty-affairs/reporting-copyright-infringement/credits,Website Credits
https://pec.ac.in//faculty-affairs/reporting-copyright-infringement/web_editor,Web Editor
https://pec.ac.in//faculty-affairs/reporting-copyright-infringement/anti-ragging,Anti-Ragging
https://pec.ac.in//faculty-affairs/reporting-copyright-infringement/privacy-policy,Privacy Statement
https://pec.ac.in//faculty-affairs/reporting-copyright-infringement/reporting-copyright-infringement,Report Copyright Infringement
https://pec.ac.in//faculty-affairs/reporting-copyright-infringement/reporting-copyright-infringement/jobs,Jobs
https://pec.ac.in//faculty-affairs/reporting-copyright-infringement/reporting-copyright-infringement/tenders,Tenders
https://pec.ac.in//faculty-affairs/reporting-copyright-infringement/reporting-copyright-infringement/node/549,RTI
https://pec.ac.in//faculty-affairs/reporting-copyright-infringement/reporting-copyright-infringement/tnp/about-cell,Placements
https://pec.ac.in//faculty-affairs/reporting-copyright-infringement/reporting-copyright-infringement/institute-functionaries,Contact Us
https://pec.ac.in//faculty-affairs/reporting-copyright-infringement/reporting-copyright-infringement/,
https://pec.ac.in//faculty-affairs/reporting-copyright-infringement/reporting-copyright-infringement/institute,Institute
https://pec.ac.in//faculty-affairs/reporting-copyright-infringement/reporting-copyright-infringement/history,History
https://pec.ac.in//faculty-affairs/reporting-copyright-infringement/reporting-copyright-infringement/vision,Vision & Mission
https://pec.ac.in//faculty-affairs/reporting-copyright-infringement/reporting-copyright-infringement/campus,Campus
https://pec.ac.in//faculty-affairs/reporting-copyright-infringement/reporting-copyright-infringement/location,Location
https://pec.ac.in//faculty-affairs/reporting-copyright-infringement/reporting-copyright-infringement/all_events,News and Events
https://pec.ac.in//faculty-affairs/reporting-copyright-infringement/reporting-copyright-infringement/balance-sheets,Balance Sheets
https://pec.ac.in//faculty-affairs/reporting-copyright-infringement/reporting-copyright-infringement/faculty-affairs,Faculty Affairs
https://pec.ac.in//faculty-affairs/reporting-copyright-infringement/reporting-copyright-infringement/institute/iqac-reports,IQAC Reports
https://pec.ac.in//faculty-affairs/reporting-copyright-infringement/reporting-copyright-infringement/administration,Administration
https://pec.ac.in//faculty-affairs/reporting-copyright-infringement/reporting-copyright-infringement/board-of-governors,Board Of Governors
https://pec.ac.in//faculty-affairs/reporting-copyright-infringement/reporting-copyright-infringement/chairman-bog,Chairman, Board of Governors
https://pec.ac.in//faculty-affairs/reporting-copyright-infringement/reporting-copyright-infringement/director,Director
https://pec.ac.in//faculty-affairs/reporting-copyright-infringement/reporting-copyright-infringement/senate-members,Senate Members
https://pec.ac.in//faculty-affairs/reporting-copyright-infringement/reporting-copyright-infringement/building-works-committee,Building & Works Committee
https://pec.ac.in//faculty-affairs/reporting-copyright-infringement/reporting-copyright-infringement/finance-committee,Finance Committee
https://pec.ac.in//faculty-affairs/reporting-copyright-infringement/reporting-copyright-infringement/grievance-redressal-committee,Grievance Redressal Committee
https://pec.ac.in//faculty-affairs/reporting-copyright-infringement/reporting-copyright-infringement/minutes-meetings,Minutes of Meetings
https://pec.ac.in//faculty-affairs/reporting-copyright-infringement/reporting-copyright-infringement/programmes,Programmes
https://pec.ac.in//faculty-affairs/reporting-copyright-infringement/reporting-copyright-infringement/programmes/ug/structure,Undergraduate
https://pec.ac.in//faculty-affairs/reporting-copyright-infringement/reporting-copyright-infringement/programmes/pg/structure,Postgraduate
https://pec.ac.in//faculty-affairs/reporting-copyright-infringement/reporting-copyright-infringement/programmes/phd,Doctorate
https://pec.ac.in//faculty-affairs/reporting-copyright-infringement/reporting-copyright-infringement/programmes/student-support,Academic Support for Students
https://pec.ac.in//faculty-affairs/reporting-copyright-infringement/reporting-copyright-infringement/programmes/accreditation,Accreditation
https://pec.ac.in//faculty-affairs/reporting-copyright-infringement/reporting-copyright-infringement/programmes/scholarships,Scholarships
https://pec.ac.in//faculty-affairs/reporting-copyright-infringement/reporting-copyright-infringement/iqac/aqar-reports,IQAC Reports
https://pec.ac.in//faculty-affairs/reporting-copyright-infringement/reporting-copyright-infringement/admissions,Admissions
https://pec.ac.in//faculty-affairs/reporting-copyright-infringement/reporting-copyright-infringement/academic-units,Academic Units
https://pec.ac.in//faculty-affairs/reporting-copyright-infringement/reporting-copyright-infringement/departments,Departments
https://pec.ac.in//faculty-affairs/reporting-copyright-infringement/reporting-copyright-infringement/centres,Centres
https://pec.ac.in//faculty-affairs/reporting-copyright-infringement/reporting-copyright-infringement/research/overview,Research
https://pec.ac.in//faculty-affairs/reporting-copyright-infringement/reporting-copyright-infringement/research-groups,Research Groups
https://pec.ac.in//faculty-affairs/reporting-copyright-infringement/reporting-copyright-infringement/sponsored-research,Sponsored Research
https://pec.ac.in//faculty-affairs/reporting-copyright-infringement/reporting-copyright-infringement/house-projects,In-House Projects
https://pec.ac.in//faculty-affairs/reporting-copyright-infringement/reporting-copyright-infringement/consultancy,Consultancy
https://pec.ac.in//faculty-affairs/reporting-copyright-infringement/reporting-copyright-infringement/courses-and-conferences,Courses and Conferences
https://pec.ac.in//faculty-affairs/reporting-copyright-infringement/reporting-copyright-infringement/yrf/about-programme,Young Research Fellows Programme
https://pec.ac.in//faculty-affairs/reporting-copyright-infringement/reporting-copyright-infringement/norms-and-forms,Norms and Forms
https://pec.ac.in//faculty-affairs/reporting-copyright-infringement/reporting-copyright-infringement/research/contacts,Contacts
https://pec.ac.in//faculty-affairs/reporting-copyright-infringement/reporting-copyright-infringement/campus-life,Campus Life
https://pec.ac.in//faculty-affairs/reporting-copyright-infringement/reporting-copyright-infringement/current-students,Students
https://pec.ac.in//faculty-affairs/reporting-copyright-infringement/reporting-copyright-infringement/facilities,Facilities
https://pec.ac.in//faculty-affairs/reporting-copyright-infringement/reporting-copyright-infringementjavascript:;,-A
https://pec.ac.in//faculty-affairs/reporting-copyright-infringement/reporting-copyright-infringement/top-stories,Top Stories
https://pec.ac.in//faculty-affairs/reporting-copyright-infringement/reporting-copyright-infringement/pec-anthem,PEC Anthem
https://pec.ac.in//faculty-affairs/reporting-copyright-infringement/reporting-copyright-infringement/rules-guidelines-forms,Rules, Guidelines & Forms
https://pec.ac.in//faculty-affairs/reporting-copyright-infringement/reporting-copyright-infringement/office-orders,Office Orders
https://pec.ac.in//faculty-affairs/reporting-copyright-infringement/reporting-copyright-infringement/coe/collaborations,Collaborations
https://pec.ac.in//faculty-affairs/reporting-copyright-infringement/reporting-copyright-infringement/current-students/time-tables,Time Tables
https://pec.ac.in//faculty-affairs/reporting-copyright-infringement/reporting-copyright-infringement/current-students/examination,Examination
https://pec.ac.in//faculty-affairs/reporting-copyright-infringement/reporting-copyright-infringement/academics/calendar,Academic Calendar
https://pec.ac.in//faculty-affairs/reporting-copyright-infringement/reporting-copyright-infringement/library,Library
https://pec.ac.in//faculty-affairs/reporting-copyright-infringement/reporting-copyright-infringement/computer-centre,Computer Centre
https://pec.ac.in//faculty-affairs/reporting-copyright-infringement/reporting-copyright-infringement/Sports,Sports
https://pec.ac.in//faculty-affairs/reporting-copyright-infringement/reporting-copyright-infringement/hostels,Hostels
https://pec.ac.in//faculty-affairs/reporting-copyright-infringement/reporting-copyright-infringement/medical-facilities,Medical Facility
https://pec.ac.in//faculty-affairs/reporting-copyright-infringement/reporting-copyright-infringement/workshops,Workshops
https://pec.ac.in//faculty-affairs/reporting-copyright-infringement/reporting-copyright-infringement/multimedia,Multimedia
https://pec.ac.in//faculty-affairs/reporting-copyright-infringement/reporting-copyright-infringement/prospectus,Brochure & Prospectus
https://pec.ac.in//faculty-affairs/reporting-copyright-infringement/reporting-copyright-infringement/institute/sexual-harassment-complaints-committee,Sexual Harassment Complaints
https://pec.ac.in//faculty-affairs/reporting-copyright-infringement/reporting-copyright-infringement/credits,Website Credits
https://pec.ac.in//faculty-affairs/reporting-copyright-infringement/reporting-copyright-infringement/web_editor,Web Editor
https://pec.ac.in//faculty-affairs/reporting-copyright-infringement/reporting-copyright-infringement/anti-ragging,Anti-Ragging
https://pec.ac.in//faculty-affairs/reporting-copyright-infringement/reporting-copyright-infringement/privacy-policy,Privacy Statement
https://pec.ac.in//faculty-affairs/reporting-copyright-infringement/reporting-copyright-infringement/reporting-copyright-infringement,Report Copyright Infringement
https://pec.ac.in//faculty-affairs/reporting-copyright-infringement/reporting-copyright-infringement/reporting-copyright-infringement/jobs,Jobs
https://pec.ac.in//faculty-affairs/reporting-copyright-infringement/reporting-copyright-infringement/reporting-copyright-infringement/tenders,Tenders
https://pec.ac.in//faculty-affairs/reporting-copyright-infringement/reporting-copyright-infringement/reporting-copyright-infringement/node/549,RTI
https://pec.ac.in//faculty-affairs/reporting-copyright-infringement/reporting-copyright-infringement/reporting-copyright-infringement/tnp/about-cell,Placements
https://pec.ac.in//faculty-affairs/reporting-copyright-infringement/reporting-copyright-infringement/reporting-copyright-infringement/institute-functionaries,Contact Us
https://pec.ac.in//faculty-affairs/reporting-copyright-infringement/reporting-copyright-infringement/reporting-copyright-infringement/,
https://pec.ac.in//faculty-affairs/reporting-copyright-infringement/reporting-copyright-infringement/reporting-copyright-infringement/institute,Institute
https://pec.ac.in//faculty-affairs/reporting-copyright-infringement/reporting-copyright-infringement/reporting-copyright-infringement/history,History
https://pec.ac.in//faculty-affairs/reporting-copyright-infringement/reporting-copyright-infringement/reporting-copyright-infringement/vision,Vision & Mission
https://pec.ac.in//faculty-affairs/reporting-copyright-infringement/reporting-copyright-infringement/reporting-copyright-infringement/campus,Campus
https://pec.ac.in//faculty-affairs/reporting-copyright-infringement/reporting-copyright-infringement/reporting-copyright-infringement/location,Location
https://pec.ac.in//faculty-affairs/reporting-copyright-infringement/reporting-copyright-infringement/reporting-copyright-infringement/all_events,News and Events
https://pec.ac.in//faculty-affairs/reporting-copyright-infringement/reporting-copyright-infringement/reporting-copyright-infringement/balance-sheets,Balance Sheets
https://pec.ac.in//faculty-affairs/reporting-copyright-infringement/reporting-copyright-infringement/reporting-copyright-infringement/faculty-affairs,Faculty Affairs
https://pec.ac.in//faculty-affairs/reporting-copyright-infringement/reporting-copyright-infringement/reporting-copyright-infringement/institute/iqac-reports,IQAC Reports
https://pec.ac.in//faculty-affairs/reporting-copyright-infringement/reporting-copyright-infringement/reporting-copyright-infringement/administration,Administration
https://pec.ac.in//faculty-affairs/reporting-copyright-infringement/reporting-copyright-infringement/reporting-copyright-infringement/board-of-governors,Board Of Governors
https://pec.ac.in//faculty-affairs/reporting-copyright-infringement/reporting-copyright-infringement/reporting-copyright-infringement/chairman-bog,Chairman, Board of Governors
https://pec.ac.in//faculty-affairs/reporting-copyright-infringement/reporting-copyright-infringement/reporting-copyright-infringement/director,Director
https://pec.ac.in//faculty-affairs/reporting-copyright-infringement/reporting-copyright-infringement/reporting-copyright-infringement/senate-members,Senate Members
https://pec.ac.in//faculty-affairs/reporting-copyright-infringement/reporting-copyright-infringement/reporting-copyright-infringement/building-works-committee,Building & Works Committee
https://pec.ac.in//faculty-affairs/reporting-copyright-infringement/reporting-copyright-infringement/reporting-copyright-infringement/finance-committee,Finance Committee
https://pec.ac.in//faculty-affairs/reporting-copyright-infringement/reporting-copyright-infringement/reporting-copyright-infringement/grievance-redressal-committee,Grievance Redressal Committee
https://pec.ac.in//faculty-affairs/reporting-copyright-infringement/reporting-copyright-infringement/reporting-copyright-infringement/minutes-meetings,Minutes of Meetings
https://pec.ac.in//faculty-affairs/reporting-copyright-infringement/reporting-copyright-infringement/reporting-copyright-infringement/programmes,Programmes
https://pec.ac.in//faculty-affairs/reporting-copyright-infringement/reporting-copyright-infringement/reporting-copyright-infringement/programmes/ug/structure,Undergraduate
https://pec.ac.in//faculty-affairs/reporting-copyright-infringement/reporting-copyright-infringement/reporting-copyright-infringement/programmes/pg/structure,Postgraduate
https://pec.ac.in//faculty-affairs/reporting-copyright-infringement/reporting-copyright-infringement/reporting-copyright-infringement/programmes/phd,Doctorate
https://pec.ac.in//faculty-affairs/reporting-copyright-infringement/reporting-copyright-infringement/reporting-copyright-infringement/programmes/student-support,Academic Support for Students
https://pec.ac.in//faculty-affairs/reporting-copyright-infringement/reporting-copyright-infringement/reporting-copyright-infringement/programmes/accreditation,Accreditation
https://pec.ac.in//faculty-affairs/reporting-copyright-infringement/reporting-copyright-infringement/reporting-copyright-infringement/programmes/scholarships,Scholarships
https://pec.ac.in//faculty-affairs/reporting-copyright-infringement/reporting-copyright-infringement/reporting-copyright-infringement/iqac/aqar-reports,IQAC Reports
https://pec.ac.in//faculty-affairs/reporting-copyright-infringement/reporting-copyright-infringement/reporting-copyright-infringement/admissions,Admissions
https://pec.ac.in//faculty-affairs/reporting-copyright-infringement/reporting-copyright-infringement/reporting-copyright-infringement/academic-units,Academic Units
https://pec.ac.in//faculty-affairs/reporting-copyright-infringement/reporting-copyright-infringement/reporting-copyright-infringement/departments,Departments
https://pec.ac.in//faculty-affairs/reporting-copyright-infringement/reporting-copyright-infringement/reporting-copyright-infringement/centres,Centres
https://pec.ac.in//faculty-affairs/reporting-copyright-infringement/reporting-copyright-infringement/reporting-copyright-infringement/research/overview,Research
https://pec.ac.in//faculty-affairs/reporting-copyright-infringement/reporting-copyright-infringement/reporting-copyright-infringement/research-groups,Research Groups
https://pec.ac.in//faculty-affairs/reporting-copyright-infringement/reporting-copyright-infringement/reporting-copyright-infringement/sponsored-research,Sponsored Research
https://pec.ac.in//faculty-affairs/reporting-copyright-infringement/reporting-copyright-infringement/reporting-copyright-infringement/house-projects,In-House Projects
https://pec.ac.in//faculty-affairs/reporting-copyright-infringement/reporting-copyright-infringement/reporting-copyright-infringement/consultancy,Consultancy
https://pec.ac.in//faculty-affairs/reporting-copyright-infringement/reporting-copyright-infringement/reporting-copyright-infringement/courses-and-conferences,Courses and Conferences
https://pec.ac.in//faculty-affairs/reporting-copyright-infringement/reporting-copyright-infringement/reporting-copyright-infringement/yrf/about-programme,Young Research Fellows Programme
https://pec.ac.in//faculty-affairs/reporting-copyright-infringement/reporting-copyright-infringement/reporting-copyright-infringement/norms-and-forms,Norms and Forms
https://pec.ac.in//faculty-affairs/reporting-copyright-infringement/reporting-copyright-infringement/reporting-copyright-infringement/research/contacts,Contacts
https://pec.ac.in//faculty-affairs/reporting-copyright-infringement/reporting-copyright-infringement/reporting-copyright-infringement/campus-life,Campus Life
https://pec.ac.in//faculty-affairs/reporting-copyright-infringement/reporting-copyright-infringement/reporting-copyright-infringement/current-students,Students
https://pec.ac.in//faculty-affairs/reporting-copyright-infringement/reporting-copyright-infringement/reporting-copyright-infringement/facilities,Facilities
https://pec.ac.in//faculty-affairs/reporting-copyright-infringement/reporting-copyright-infringement/reporting-copyright-infringementjavascript:;,-A
https://pec.ac.in//faculty-affairs/reporting-copyright-infringement/reporting-copyright-infringement/reporting-copyright-infringement/top-stories,Top Stories
https://pec.ac.in//faculty-affairs/reporting-copyright-infringement/reporting-copyright-infringement/reporting-copyright-infringement/pec-anthem,PEC Anthem
https://pec.ac.in//faculty-affairs/reporting-copyright-infringement/reporting-copyright-infringement/reporting-copyright-infringement/rules-guidelines-forms,Rules, Guidelines & Forms
https://pec.ac.in//faculty-affairs/reporting-copyright-infringement/reporting-copyright-infringement/reporting-copyright-infringement/office-orders,Office Orders
https://pec.ac.in//faculty-affairs/reporting-copyright-infringement/reporting-copyright-infringement/reporting-copyright-infringement/coe/collaborations,Collaborations
https://pec.ac.in//faculty-affairs/reporting-copyright-infringement/reporting-copyright-infringement/reporting-copyright-infringement/current-students/time-tables,Time Tables
https://pec.ac.in//faculty-affairs/reporting-copyright-infringement/reporting-copyright-infringement/reporting-copyright-infringement/current-students/examination,Examination
https://pec.ac.in//faculty-affairs/reporting-copyright-infringement/reporting-copyright-infringement/reporting-copyright-infringement/academics/calendar,Academic Calendar
https://pec.ac.in//faculty-affairs/reporting-copyright-infringement/reporting-copyright-infringement/reporting-copyright-infringement/library,Library
https://pec.ac.in//faculty-affairs/reporting-copyright-infringement/reporting-copyright-infringement/reporting-copyright-infringement/computer-centre,Computer Centre
https://pec.ac.in//faculty-affairs/reporting-copyright-infringement/reporting-copyright-infringement/reporting-copyright-infringement/Sports,Sports
https://pec.ac.in//faculty-affairs/reporting-copyright-infringement/reporting-copyright-infringement/reporting-copyright-infringement/hostels,Hostels
https://pec.ac.in//faculty-affairs/reporting-copyright-infringement/reporting-copyright-infringement/reporting-copyright-infringement/medical-facilities,Medical Facility
https://pec.ac.in//faculty-affairs/reporting-copyright-infringement/reporting-copyright-infringement/reporting-copyright-infringement/workshops,Workshops
https://pec.ac.in//faculty-affairs/reporting-copyright-infringement/reporting-copyright-infringement/reporting-copyright-infringement/multimedia,Multimedia
https://pec.ac.in//faculty-affairs/reporting-copyright-infringement/reporting-copyright-infringement/reporting-copyright-infringement/prospectus,Brochure & Prospectus
https://pec.ac.in//faculty-affairs/reporting-copyright-infringement/reporting-copyright-infringement/reporting-copyright-infringement/institute/sexual-harassment-complaints-committee,Sexual Harassment Complaints
https://pec.ac.in//faculty-affairs/reporting-copyright-infringement/reporting-copyright-infringement/reporting-copyright-infringement/credits,Website Credits
https://pec.ac.in//faculty-affairs/reporting-copyright-infringement/reporting-copyright-infringement/reporting-copyright-infringement/web_editor,Web Editor
https://pec.ac.in//faculty-affairs/reporting-copyright-infringement/reporting-copyright-infringement/reporting-copyright-infringement/anti-ragging,Anti-Ragging
https://pec.ac.in//faculty-affairs/reporting-copyright-infringement/reporting-copyright-infringement/reporting-copyright-infringement/privacy-policy,Privacy Statement
https://pec.ac.in//faculty-affairs/reporting-copyright-infringement/reporting-copyright-infringement/reporting-copyright-infringement/reporting-copyright-infringement,Report Copyright Infringement
https://pec.ac.in//faculty-affairs/reporting-copyright-infringement/reporting-copyright-infringement/reporting-copyright-infringement/reporting-copyright-infringement/jobs,Jobs
https://pec.ac.in//faculty-affairs/reporting-copyright-infringement/reporting-copyright-infringement/reporting-copyright-infringement/reporting-copyright-infringement/tenders,Tenders
https://pec.ac.in//faculty-affairs/reporting-copyright-infringement/reporting-copyright-infringement/reporting-copyright-infringement/reporting-copyright-infringement/node/549,RTI
https://pec.ac.in//faculty-affairs/reporting-copyright-infringement/reporting-copyright-infringement/reporting-copyright-infringement/reporting-copyright-infringement/tnp/about-cell,Placements
https://pec.ac.in//faculty-affairs/reporting-copyright-infringement/reporting-copyright-infringement/reporting-copyright-infringement/reporting-copyright-infringement/institute-functionaries,Contact Us
https://pec.ac.in//faculty-affairs/reporting-copyright-infringement/reporting-copyright-infringement/reporting-copyright-infringement/reporting-copyright-infringement/,
https://pec.ac.in//faculty-affairs/reporting-copyright-infringement/reporting-copyright-infringement/reporting-copyright-infringement/reporting-copyright-infringement/institute,Institute
https://pec.ac.in//faculty-affairs/reporting-copyright-infringement/reporting-copyright-infringement/reporting-copyright-infringement/reporting-copyright-infringement/history,History
https://pec.ac.in//faculty-affairs/reporting-copyright-infringement/reporting-copyright-infringement/reporting-copyright-infringement/reporting-copyright-infringement/vision,Vision & Mission
https://pec.ac.in//faculty-affairs/reporting-copyright-infringement/reporting-copyright-infringement/reporting-copyright-infringement/reporting-copyright-infringement/campus,Campus
https://pec.ac.in//faculty-affairs/reporting-copyright-infringement/reporting-copyright-infringement/reporting-copyright-infringement/reporting-copyright-infringement/location,Location
https://pec.ac.in//faculty-affairs/reporting-copyright-infringement/reporting-copyright-infringement/reporting-copyright-infringement/reporting-copyright-infringement/all_events,News and Events
https://pec.ac.in//faculty-affairs/reporting-copyright-infringement/reporting-copyright-infringement/reporting-copyright-infringement/reporting-copyright-infringement/balance-sheets,Balance Sheets
https://pec.ac.in//faculty-affairs/reporting-copyright-infringement/reporting-copyright-infringement/reporting-copyright-infringement/reporting-copyright-infringement/faculty-affairs,Faculty Affairs
https://pec.ac.in//faculty-affairs/reporting-copyright-infringement/reporting-copyright-infringement/reporting-copyright-infringement/reporting-copyright-infringement/institute/iqac-reports,IQAC Reports
https://pec.ac.in//faculty-affairs/reporting-copyright-infringement/reporting-copyright-infringement/reporting-copyright-infringement/reporting-copyright-infringement/administration,Administration
https://pec.ac.in//faculty-affairs/reporting-copyright-infringement/reporting-copyright-infringement/reporting-copyright-infringement/reporting-copyright-infringement/board-of-governors,Board Of Governors
https://pec.ac.in//faculty-affairs/reporting-copyright-infringement/reporting-copyright-infringement/reporting-copyright-infringement/reporting-copyright-infringement/chairman-bog,Chairman, Board of Governors
https://pec.ac.in//faculty-affairs/reporting-copyright-infringement/reporting-copyright-infringement/reporting-copyright-infringement/reporting-copyright-infringement/director,Director
https://pec.ac.in//faculty-affairs/reporting-copyright-infringement/reporting-copyright-infringement/reporting-copyright-infringement/reporting-copyright-infringement/senate-members,Senate Members
https://pec.ac.in//faculty-affairs/reporting-copyright-infringement/reporting-copyright-infringement/reporting-copyright-infringement/reporting-copyright-infringement/building-works-committee,Building & Works Committee
https://pec.ac.in//faculty-affairs/reporting-copyright-infringement/reporting-copyright-infringement/reporting-copyright-infringement/reporting-copyright-infringement/finance-committee,Finance Committee
https://pec.ac.in//faculty-affairs/reporting-copyright-infringement/reporting-copyright-infringement/reporting-copyright-infringement/reporting-copyright-infringement/grievance-redressal-committee,Grievance Redressal Committee
https://pec.ac.in//faculty-affairs/reporting-copyright-infringement/reporting-copyright-infringement/reporting-copyright-infringement/reporting-copyright-infringement/minutes-meetings,Minutes of Meetings
https://pec.ac.in//faculty-affairs/reporting-copyright-infringement/reporting-copyright-infringement/reporting-copyright-infringement/reporting-copyright-infringement/programmes,Programmes
https://pec.ac.in//faculty-affairs/reporting-copyright-infringement/reporting-copyright-infringement/reporting-copyright-infringement/reporting-copyright-infringement/programmes/ug/structure,Undergraduate
https://pec.ac.in//faculty-affairs/reporting-copyright-infringement/reporting-copyright-infringement/reporting-copyright-infringement/reporting-copyright-infringement/programmes/pg/structure,Postgraduate
https://pec.ac.in//faculty-affairs/reporting-copyright-infringement/reporting-copyright-infringement/reporting-copyright-infringement/reporting-copyright-infringement/programmes/phd,Doctorate
https://pec.ac.in//faculty-affairs/reporting-copyright-infringement/reporting-copyright-infringement/reporting-copyright-infringement/reporting-copyright-infringement/programmes/student-support,Academic Support for Students
https://pec.ac.in//faculty-affairs/reporting-copyright-infringement/reporting-copyright-infringement/reporting-copyright-infringement/reporting-copyright-infringement/programmes/accreditation,Accreditation
https://pec.ac.in//faculty-affairs/reporting-copyright-infringement/reporting-copyright-infringement/reporting-copyright-infringement/reporting-copyright-infringement/programmes/scholarships,Scholarships
https://pec.ac.in//faculty-affairs/reporting-copyright-infringement/reporting-copyright-infringement/reporting-copyright-infringement/reporting-copyright-infringement/iqac/aqar-reports,IQAC Reports
https://pec.ac.in//faculty-affairs/reporting-copyright-infringement/reporting-copyright-infringement/reporting-copyright-infringement/reporting-copyright-infringement/admissions,Admissions
https://pec.ac.in//faculty-affairs/reporting-copyright-infringement/reporting-copyright-infringement/reporting-copyright-infringement/reporting-copyright-infringement/academic-units,Academic Units
https://pec.ac.in//faculty-affairs/reporting-copyright-infringement/reporting-copyright-infringement/reporting-copyright-infringement/reporting-copyright-infringement/departments,Departments
https://pec.ac.in//faculty-affairs/reporting-copyright-infringement/reporting-copyright-infringement/reporting-copyright-infringement/reporting-copyright-infringement/centres,Centres
https://pec.ac.in//faculty-affairs/reporting-copyright-infringement/reporting-copyright-infringement/reporting-copyright-infringement/reporting-copyright-infringement/research/overview,Research
https://pec.ac.in//faculty-affairs/reporting-copyright-infringement/reporting-copyright-infringement/reporting-copyright-infringement/reporting-copyright-infringement/research-groups,Research Groups
https://pec.ac.in//faculty-affairs/reporting-copyright-infringement/reporting-copyright-infringement/reporting-copyright-infringement/reporting-copyri